name,role,company,industry,location,linkedin_bio
Ava Patel,Head of Growth,FlowMetrics,SaaS,Bangalore,"Hiring for growth; loves outreach"
John Doe,Sales Manager,Acme Corp,Healthcare,Mumbai,"Experienced sales leader"
Maya Singh,CTO,ScaleUp,MarTech,Delhi,"Founder turned CTO; building outreach infra"
Liam Chen,Marketing Director,TechSolutions,FinTech,Chennai,"Driving marketing strategies"
Sophia Kumar,Product Manager,InnoTech,E-commerce,Bangalore,"Passionate about products"
Noah Lee,CEO,NextGen,EdTech,Hyderabad,"EdTech enthusiast"
Isabella Garcia,COO,HealthPlus,Healthcare,Pune,"Operations expert"
Ethan Brown,VP Sales,GlobalTech,SaaS,Mumbai,"Scaling sales teams"
Mia Wilson,Head of Marketing,AdVantage,AdTech,Bangalore,"Marketing guru"
James Taylor,Founder,DataWorks,Data Analytics,Delhi,"Data-driven decision maker"
Olivia Martinez,Director of Growth,WebSolutions,Web Development,Chennai,"Growth hacker"
Benjamin Davis,Sales Executive,CloudNet,Cloud Services,Pune,"Cloud solutions specialist"
Charlotte Anderson,CMO,MarketMinds,Digital Marketing,Bangalore,"Digital marketing strategist"
Elijah Thomas,Head of Product,AppCreators,Mobile Apps,Hyderabad,"Building user-centric apps"
Amelia White,VP Marketing,SocialBuzz,Social Media,Mumbai,"Social media expert"
Lucas Harris,Sales Director,Enterprise Solutions,Enterprise Software,Delhi,"Enterprise sales veteran"
Harper Clark,Marketing Manager,BrandBoost,Branding,Bangalore,"Branding specialist"
Alexander Lewis,CEO,FinServe,Financial Services,Pune,"FinTech innovator"
Evelyn Robinson,COO,LogiTech,Logistics,Chennai,"Logistics operations expert"
Daniel Walker,Head of Sales,TechDynamics,IT Services,Hyderabad,"IT sales strategist"
Grace Young,Product Owner,ShopEase,E-commerce,Mumbai,"E-commerce product expert"
Michael King,Director of Operations,BuildIt,Construction,Bangalore,"Construction operations leader"
Ella Scott,VP Sales,AutoDrive,Automotive,Delhi,"Automotive sales professional"
Aiden Green,Marketing Director,TravelNow,Travel,Pune,"Travel marketing specialist"
Scarlett Adams,Head of Growth,Foodies,Food Delivery,Chennai,"Growth strategist"
Jayden Baker,Sales Manager,HomeComfort,Home Services,Hyderabad,"Home services sales expert"
Victoria Nelson,CMO,FashionHub,Fashion,Bangalore,"Fashion marketing guru"